,DENTAL,UniqueID,SLEEP,BPHIGH,COPD,CANCER,CHECKUP,DIABETES,CSMOKING,CHOLSCREEN,PHLTH,STROKE,KIDNEY,CHD,HIGHCHOL,CASTHMA,BINGE,LPA,BPMED,ARTHRITIS,MHLTH,OBESITY,ACCESS2,PAPTEST,COLON_SCREEN,MAMMOUSE,TEETHLOST,geometry,state,population,longitude,latitude,COREM,COREW,fips
0,86.6,1150000-11001000100,24.6,21.7,3.1,7.2,73.3,5.0,9.3,86.2,6.0,1.7,2.1,3.5,31.6,7.7,24.7,11.9,74.7,18.0,6.9,16.5,3.5,89.6,76.5,80.0,3.1,"(38.9060811983, -77.0607838311)",DC,4890.0,-77.0607838311,38.9060811983,41.3,39.1,11500
1,53.1,1150000-11001000201,34.2,9.1,4.7,1.0,61.1,1.7,27.0,39.4,8.9,0.8,1.2,1.0,13.2,12.4,25.3,20.8,25.5,5.3,19.4,17.4,16.2,49.5,49.7,63.2,21.6,"(38.9093385463, -77.0748289955)",DC,3916.0,-77.0748289955,38.9093385463,28.6,19.8,11500
2,81.5,1150000-11001000202,26.1,15.8,3.4,4.1,68.3,3.9,13.3,69.9,6.4,1.4,1.6,2.7,25.4,9.0,27.9,13.3,67.1,12.6,9.8,15.7,5.9,81.8,71.1,76.6,5.2,"(38.9061877176, -77.0696162292)",DC,5425.0,-77.0696162292,38.9061877176,38.1,34.9,11500
3,82.7,1150000-11001000300,26.3,14.9,2.8,4.1,67.7,3.4,12.4,75.7,5.8,1.2,1.6,2.2,24.2,8.6,28.7,12.4,63.4,11.9,8.9,16.3,5.3,86.3,72.8,78.3,4.3,"(38.9175532799, -77.0756590546)",DC,6233.0,-77.0756590546,38.9175532799,38.9,36.0,11500
4,83.2,1150000-11001000400,26.1,25.1,4.0,7.6,74.7,6.4,10.8,86.2,7.4,2.1,2.4,4.2,35.1,8.0,21.7,14.2,77.0,20.7,7.7,17.7,4.6,86.9,73.3,78.5,4.5,"(38.9238892355, -77.0658962319)",DC,1455.0,-77.0658962319,38.9238892355,38.3,36.6,11500
5,83.4,1150000-11001000501,26.3,14.0,2.2,4.2,68.4,3.0,10.4,78.5,4.8,1.0,1.4,1.9,22.9,8.2,29.3,11.0,63.2,11.1,7.8,15.2,4.3,87.8,74.1,79.2,3.8,"(38.9265863021, -77.0517211589)",DC,3376.0,-77.0517211589,38.9265863021,39.7,36.4,11500
6,84.8,1150000-11001000502,25.8,19.2,2.8,6.0,72.2,4.5,9.5,84.9,5.7,1.4,1.8,2.8,29.5,7.9,25.6,11.6,71.7,15.8,7.2,16.3,3.8,88.6,74.3,79.7,3.7,"(38.928354735, -77.0595624327)",DC,3189.0,-77.0595624327,38.928354735,39.4,38.1,11500
7,84.6,1150000-11001000600,25.5,24.1,3.6,7.5,74.3,5.9,9.9,86.5,6.9,2.0,2.4,4.0,33.3,8.0,22.5,13.3,76.6,19.8,7.4,17.4,4.0,88.3,74.5,79.0,4.3,"(38.9362932029, -77.0664969011)",DC,4539.0,-77.0664969011,38.9362932029,39.3,35.8,11500
8,84.0,1150000-11001000701,25.2,24.2,3.9,7.8,74.2,5.9,10.3,84.5,7.1,2.1,2.5,4.2,33.2,8.1,21.8,13.9,77.1,20.2,7.6,17.1,4.9,87.9,74.8,78.2,4.2,"(38.9295439603, -77.076667174)",DC,4620.0,-77.076667174,38.9295439603,40.0,36.8,11500
9,83.1,1150000-11001000702,27.2,15.0,2.5,4.2,68.3,3.4,12.2,78.2,5.5,1.1,1.6,2.0,23.6,8.4,28.5,12.5,63.1,11.9,8.6,16.9,5.3,88.6,74.2,79.6,3.7,"(38.9241066882, -77.0778120531)",DC,3364.0,-77.0778120531,38.9241066882,39.3,36.3,11500
10,82.5,1150000-11001000801,26.3,25.3,4.4,7.7,74.6,6.5,11.3,83.9,7.9,2.3,2.5,4.5,34.6,8.5,21.2,14.8,77.6,21.3,8.4,18.0,4.9,86.0,72.4,77.4,5.0,"(38.9244247025, -77.0908660533)",DC,6709.0,-77.0908660533,38.9244247025,39.0,35.0,11500
11,83.3,1150000-11001000802,26.4,19.4,3.2,5.4,70.6,4.7,11.3,81.7,6.4,1.6,1.9,3.0,29.3,8.0,25.6,13.1,70.2,15.4,8.0,17.3,4.8,87.0,72.1,78.6,3.9,"(38.9107719573, -77.087586174)",DC,2869.0,-77.087586174,38.9107719573,39.4,35.7,11500
12,81.0,1150000-11001000901,27.1,18.4,3.9,5.1,70.7,4.7,13.5,72.4,6.9,1.7,1.7,3.3,28.3,9.2,26.5,14.3,72.0,15.2,10.0,15.6,5.8,84.2,71.2,76.8,6.2,"(38.9381049746, -77.1004831061)",DC,7175.0,-77.1004831061,38.9381049746,37.6,34.0,11500
13,85.7,1150000-11001000902,25.6,25.2,3.8,8.0,75.8,6.1,9.9,89.7,7.1,2.0,2.3,4.1,35.4,7.9,21.7,13.2,76.6,21.3,7.3,18.0,3.4,88.7,73.7,79.2,3.8,"(38.927995991, -77.1075153424)",DC,2092.0,-77.1075153424,38.927995991,39.4,37.9,11500
14,85.6,1150000-11001001001,25.6,21.0,3.2,6.6,73.5,4.9,9.9,84.3,6.2,1.7,2.0,3.3,31.0,8.0,24.5,12.5,73.9,17.4,7.5,16.4,3.8,87.9,74.4,79.5,3.9,"(38.9489550754, -77.0884651956)",DC,7436.0,-77.0884651956,38.9489550754,40.3,37.7,11500
15,75.2,1150000-11001001002,29.7,17.0,3.8,4.2,67.9,4.4,15.9,72.7,7.5,1.6,1.8,2.6,26.1,9.4,25.6,15.6,65.3,13.8,10.9,18.4,7.2,81.4,65.5,74.5,7.7,"(38.9384216789, -77.0788872939)",DC,3442.0,-77.0788872939,38.9384216789,35.7,30.8,11500
16,84.9,1150000-11001001100,25.5,25.3,3.5,8.1,75.9,6.1,9.1,88.2,6.7,2.1,2.4,4.1,34.5,7.7,21.7,13.0,78.0,20.8,6.9,16.9,3.5,88.0,74.7,79.6,4.3,"(38.95724392, -77.0776735816)",DC,4779.0,-77.0776735816,38.95724392,39.2,35.9,11500
17,85.0,1150000-11001001200,25.8,19.7,3.0,5.9,72.3,4.7,10.2,83.2,6.0,1.5,1.9,2.9,29.6,8.0,25.3,12.4,72.1,15.9,7.5,16.4,4.3,88.1,74.4,79.7,3.6,"(38.9462265217, -77.0705246905)",DC,5008.0,-77.0705246905,38.9462265217,39.7,37.5,11500
18,85.0,1150000-11001001301,25.6,20.0,2.7,6.2,73.2,4.6,8.8,83.3,5.6,1.6,2.0,3.0,29.0,8.0,24.3,11.8,73.6,15.9,7.0,15.7,3.9,87.8,74.2,79.8,3.8,"(38.9538356982, -77.0545997657)",DC,3955.0,-77.0545997657,38.9538356982,40.3,36.3,11500
19,84.1,1150000-11001001302,26.4,18.8,2.9,5.7,70.9,4.4,10.8,82.0,5.9,1.5,1.9,2.8,27.8,8.1,25.7,12.6,70.8,15.2,7.8,16.5,4.5,88.4,74.5,79.1,3.7,"(38.9411658189, -77.0561258835)",DC,6857.0,-77.0561258835,38.9411658189,39.5,36.1,11500
20,84.5,1150000-11001001401,26.3,23.0,3.4,7.0,74.4,5.5,9.8,87.1,6.6,1.8,2.2,3.5,33.0,7.9,23.0,12.8,74.7,18.8,7.3,17.6,3.9,87.9,73.4,79.0,3.8,"(38.965304177, -77.0706092225)",DC,3078.0,-77.0706092225,38.965304177,39.7,37.0,11500
21,80.8,1150000-11001001402,26.8,30.3,4.8,8.9,76.8,8.0,11.1,87.4,8.7,3.0,3.0,5.6,37.0,8.1,19.0,16.4,80.4,24.3,7.9,18.7,5.3,86.5,72.5,78.1,6.6,"(38.9606051096, -77.0630932091)",DC,2998.0,-77.0630932091,38.9606051096,36.7,32.3,11500
22,86.0,1150000-11001001500,25.2,29.0,3.9,9.4,78.3,6.9,8.9,90.9,7.3,2.5,2.7,4.8,37.0,7.8,19.6,13.7,80.0,23.8,6.7,17.9,3.4,89.4,75.9,80.2,4.1,"(38.9734985608, -77.0540766327)",DC,5911.0,-77.0540766327,38.9734985608,39.6,37.1,11500
23,81.8,1150000-11001001600,31.3,37.9,3.8,8.3,82.6,10.5,9.7,90.5,8.0,3.4,3.2,5.0,36.5,8.8,16.9,15.9,83.5,24.7,7.0,23.4,4.4,90.5,76.3,83.3,5.5,"(38.9844966511, -77.0378304126)",DC,3957.0,-77.0378304126,38.9844966511,33.0,34.0,11500
24,75.2,1150000-11001001702,33.7,29.8,4.3,5.9,76.0,8.6,15.4,83.1,8.9,2.9,2.6,4.0,31.8,9.7,21.1,18.0,77.1,20.2,9.8,24.0,7.3,87.7,70.8,80.4,8.7,"(38.9717869213, -77.016065966)",DC,2644.0,-77.016065966,38.9717869213,31.2,30.8,11500
25,63.0,1150000-11001001803,39.5,33.9,5.4,5.1,76.5,11.2,20.5,78.7,11.9,3.8,3.0,4.7,33.1,10.7,18.7,24.4,76.0,21.4,12.3,30.2,13.4,84.4,63.1,77.8,14.4,"(38.9670714952, -77.0397349624)",DC,3514.0,-77.0397349624,38.9670714952,26.6,23.9,11500
26,58.5,1150000-11001001804,40.4,36.1,6.2,5.3,76.4,12.6,22.2,77.7,13.3,4.3,3.2,5.3,34.9,10.9,18.3,26.5,77.4,23.1,13.1,31.4,15.5,82.6,60.1,76.3,17.8,"(38.9670943355, -77.0304333284)",DC,4480.0,-77.0304333284,38.9670943355,25.0,23.1,11500
27,67.3,1150000-11001001901,38.1,38.2,5.3,6.6,79.9,12.4,16.8,83.3,11.1,4.2,3.3,5.4,35.4,10.3,17.4,22.6,81.1,24.6,10.5,28.4,9.7,85.8,66.6,79.2,12.7,"(38.9646861836, -77.0236318265)",DC,4016.0,-77.0236318265,38.9646861836,27.8,26.0,11500
28,71.1,1150000-11001001902,37.0,38.4,5.0,6.8,80.7,11.9,15.6,85.3,10.3,4.0,3.2,5.3,35.3,9.9,17.8,21.0,81.4,24.5,9.7,27.3,8.1,87.6,69.6,81.5,10.9,"(38.9639666631, -77.0156075435)",DC,1969.0,-77.0156075435,38.9639666631,28.7,27.9,11500
29,71.1,1150000-11001002001,35.1,32.7,5.4,5.5,75.7,10.8,18.2,80.4,11.4,3.5,2.9,4.9,35.0,10.0,19.5,22.3,77.1,21.7,11.3,27.2,11.9,86.0,67.4,79.3,10.5,"(38.9593416105, -77.0359287407)",DC,2340.0,-77.0359287407,38.9593416105,30.3,28.4,11500
30,69.0,1150000-11001002002,36.6,33.8,5.1,5.8,76.9,10.8,17.7,81.2,10.9,3.6,2.9,4.7,33.9,10.1,19.5,22.0,78.2,22.1,11.0,27.4,10.8,85.7,66.8,79.3,12.0,"(38.9525006088, -77.0310820002)",DC,3813.0,-77.0310820002,38.9525006088,28.0,26.4,11500
31,59.3,1150000-11001002101,39.9,32.7,5.3,4.8,75.3,11.1,21.2,76.5,11.9,3.6,2.8,4.6,33.0,10.4,20.1,25.2,75.6,20.5,12.5,29.2,15.1,82.8,60.0,76.7,17.1,"(38.9559130631, -77.0241320119)",DC,5309.0,-77.0241320119,38.9559130631,24.6,22.8,11500
32,64.2,1150000-11001002102,38.9,36.8,5.0,6.1,79.3,11.7,17.0,82.4,10.7,3.9,3.2,5.0,34.3,10.2,18.3,22.0,79.8,23.1,10.4,28.7,9.9,84.7,64.1,78.6,14.3,"(38.9557853796, -77.0142358815)",DC,4648.0,-77.0142358815,38.9557853796,26.2,24.1,11500
33,69.5,1150000-11001002201,37.1,34.8,4.8,5.8,77.9,11.2,17.0,81.4,10.4,3.6,2.9,4.8,33.9,9.8,19.6,22.1,78.9,22.0,10.4,27.5,11.1,87.0,69.0,80.6,11.6,"(38.949133736, -77.0232932042)",DC,3442.0,-77.0232932042,38.949133736,28.0,27.9,11500
34,59.0,1150000-11001002202,40.6,37.2,6.8,5.2,76.3,13.2,23.4,77.1,14.1,4.7,3.4,5.7,35.4,11.2,17.9,27.1,77.5,23.8,13.7,32.3,15.1,82.3,60.1,76.4,17.1,"(38.9488439655, -77.0138620969)",DC,3087.0,-77.0138620969,38.9488439655,25.0,22.6,11500
35,67.2,1150000-11001002301,37.9,33.2,4.5,5.5,77.7,10.3,17.1,81.2,9.8,3.4,2.8,4.3,32.4,10.0,20.3,20.7,78.0,20.9,10.4,27.0,9.3,85.8,66.2,79.8,12.9,"(38.9425896045, -77.0165738251)",DC,2974.0,-77.0165738251,38.9425896045,27.5,26.3,11500
36,68.3,1150000-11001002302,30.3,44.1,7.1,11.1,81.4,12.9,12.0,84.4,11.5,6.0,4.5,12.5,42.4,7.9,14.0,22.2,85.3,30.4,7.9,21.1,8.7,81.5,66.9,77.0,11.7,"(38.9338959682, -77.0108784659)",DC,2036.0,-77.0108784659,38.9338959682,34.7,25.6,11500
37,68.1,1150000-11001002400,37.1,31.7,4.5,5.2,75.9,9.9,17.7,79.9,9.9,3.2,2.7,4.3,31.9,9.8,21.3,21.0,76.7,19.9,10.7,26.8,10.4,85.8,66.5,79.6,12.3,"(38.9417827179, -77.0224057286)",DC,3618.0,-77.0224057286,38.9417827179,27.8,26.6,11500
38,62.2,1150000-11001002501,37.4,34.9,6.0,5.8,75.5,11.9,20.0,79.1,12.4,4.2,3.2,5.5,35.0,10.3,19.3,24.2,78.1,22.9,12.0,28.4,13.3,83.1,61.7,76.3,16.6,"(38.9446514559, -77.0317347907)",DC,2554.0,-77.0317347907,38.9446514559,25.5,23.5,11500
39,65.9,1150000-11001002502,36.2,25.8,4.1,4.0,71.3,8.4,18.8,74.5,10.0,2.6,2.3,3.5,29.6,9.5,23.7,21.8,70.7,16.2,11.6,26.1,14.7,85.1,62.9,78.5,13.1,"(38.9390531288, -77.0301378132)",DC,5973.0,-77.0301378132,38.9390531288,26.5,25.3,11500
40,81.7,1150000-11001002600,30.2,32.7,3.8,7.5,78.9,8.9,10.6,88.6,7.8,3.0,2.9,4.6,35.0,8.5,19.8,15.5,80.8,22.4,7.4,21.7,4.8,89.5,74.9,82.4,6.0,"(38.9452742147, -77.0425303053)",DC,2166.0,-77.0425303053,38.9452742147,34.1,32.3,11500
41,77.1,1150000-11001002701,30.5,22.8,3.7,4.5,70.0,6.7,15.7,77.4,8.3,2.2,2.3,3.3,28.6,8.8,24.7,17.5,70.4,15.5,10.0,22.1,9.4,87.3,70.1,79.5,7.1,"(38.9344557666, -77.0416616176)",DC,5233.0,-77.0416616176,38.9344557666,32.2,29.5,11500
42,76.3,1150000-11001002702,30.4,19.8,3.5,4.1,68.4,5.7,16.5,77.0,7.8,1.7,1.9,2.8,27.7,8.5,27.3,17.0,66.8,14.0,10.1,20.9,9.3,87.2,68.5,78.8,7.3,"(38.9301828499, -77.0418207603)",DC,5226.0,-77.0418207603,38.9301828499,31.8,30.6,11500
43,61.1,1150000-11001002801,36.7,24.0,4.5,3.6,68.8,7.9,21.6,70.2,10.5,2.5,2.2,3.3,28.8,9.9,24.4,22.8,67.9,15.3,12.9,25.9,16.4,81.2,59.5,75.4,15.7,"(38.9349477555, -77.0345165596)",DC,3773.0,-77.0345165596,38.9349477555,25.3,23.8,11500
44,63.7,1150000-11001002802,34.7,23.8,4.8,3.8,68.0,8.3,21.3,70.1,11.1,2.6,2.5,3.7,29.9,9.7,23.4,23.3,68.0,15.7,13.1,25.4,17.2,81.8,59.5,74.9,14.2,"(38.9294302133, -77.0346297537)",DC,4277.0,-77.0346297537,38.9294302133,27.2,24.1,11500
45,71.5,1150000-11001002900,33.4,19.6,2.7,3.5,69.7,5.6,15.0,76.0,7.0,1.6,1.8,2.3,25.1,8.5,27.8,16.5,66.1,12.1,9.5,21.5,10.0,86.3,65.0,79.6,10.5,"(38.9338466308, -77.0298980442)",DC,3962.0,-77.0298980442,38.9338466308,27.8,27.7,11500
46,68.4,1150000-11001003000,34.1,22.2,3.8,3.7,69.7,6.6,18.0,73.3,8.6,2.2,2.2,2.9,26.5,9.8,24.4,18.4,68.2,14.4,11.3,23.5,10.2,83.0,63.2,77.9,11.4,"(38.928876607, -77.0299411371)",DC,3398.0,-77.0299411371,38.928876607,27.3,25.1,11500
47,64.9,1150000-11001003100,35.2,24.5,4.3,3.7,69.6,8.1,20.2,71.5,10.2,2.5,2.4,3.4,28.9,9.6,23.9,22.0,68.9,15.2,12.2,25.7,15.0,82.5,60.2,76.6,13.4,"(38.9305897622, -77.0254222296)",DC,2885.0,-77.0254222296,38.9305897622,26.7,24.6,11500
48,61.4,1150000-11001003200,38.6,28.9,5.1,4.2,72.8,9.5,22.3,72.8,11.3,3.1,2.5,3.9,30.7,10.7,22.0,23.9,72.1,18.1,13.1,28.1,15.0,82.9,61.3,76.8,16.2,"(38.9322677462, -77.0211715256)",DC,4913.0,-77.0211715256,38.9322677462,25.5,24.6,11500
49,76.7,1150000-11001003301,34.0,22.5,2.5,4.1,74.7,5.7,12.4,80.1,6.0,1.7,1.9,2.4,25.0,9.1,26.0,13.8,70.4,13.5,8.3,21.5,5.5,88.4,71.7,82.7,7.4,"(38.9204186155, -77.0114616349)",DC,3198.0,-77.0114616349,38.9204186155,29.4,29.8,11500
50,73.0,1150000-11001003302,34.7,23.4,3.1,4.0,72.9,6.3,15.1,78.3,7.2,2.0,2.0,2.6,26.0,9.4,25.5,15.9,70.1,14.3,9.6,23.1,7.2,86.8,67.9,81.5,9.5,"(38.913887782, -77.0111866884)",DC,2134.0,-77.0111866884,38.913887782,28.9,28.0,11500
51,69.0,1150000-11001003400,37.1,18.1,3.1,2.4,74.2,4.7,18.2,64.5,7.1,1.6,1.6,1.9,20.1,11.8,24.2,17.4,59.4,10.2,12.6,21.9,9.9,84.1,64.7,79.9,11.9,"(38.9214906954, -77.017720338)",DC,4347.0,-77.017720338,38.9214906954,26.7,26.0,11500
52,65.2,1150000-11001003500,38.0,19.7,3.4,2.7,73.0,5.4,19.4,65.1,7.8,1.8,1.7,2.3,21.8,11.4,24.7,18.6,61.1,11.2,12.7,23.0,11.2,80.6,64.5,78.6,13.5,"(38.9223788335, -77.0243413499)",DC,3740.0,-77.0243413499,38.9223788335,26.6,24.5,11500
53,73.1,1150000-11001003600,33.1,22.3,3.3,3.9,70.3,6.4,16.1,76.3,7.7,2.0,2.2,2.8,26.5,9.0,25.6,17.2,68.7,14.0,10.0,23.0,8.9,86.1,66.1,79.5,9.4,"(38.9236739747, -77.0296266678)",DC,4208.0,-77.0296266678,38.9236739747,29.2,27.8,11500
54,68.3,1150000-11001003700,34.7,19.4,3.4,3.0,69.8,5.7,18.0,70.5,8.2,1.7,1.9,2.4,24.5,10.0,25.0,18.5,62.7,12.1,11.7,23.2,11.5,83.7,62.5,78.1,10.6,"(38.9228678918, -77.0343295539)",DC,5763.0,-77.0343295539,38.9228678918,28.5,25.6,11500
55,77.7,1150000-11001003800,30.3,18.9,3.0,4.0,68.7,5.1,14.7,78.2,7.0,1.6,1.8,2.5,26.2,8.4,27.4,15.1,65.8,13.0,9.4,20.2,7.6,87.6,68.9,79.4,6.3,"(38.9216314788, -77.0391808111)",DC,4614.0,-77.0391808111,38.9216314788,32.6,31.4,11500
56,82.5,1150000-11001003900,27.9,16.2,2.2,4.1,69.0,3.9,11.1,80.6,5.3,1.2,1.6,2.0,24.2,8.0,28.9,12.0,64.7,11.7,7.9,17.8,4.8,89.1,72.3,80.3,3.9,"(38.9254739149, -77.0439600633)",DC,4474.0,-77.0439600633,38.9254739149,35.8,34.2,11500
57,85.7,1150000-11001004001,25.9,16.8,2.5,4.9,69.3,3.9,10.8,82.4,5.5,1.2,1.7,2.4,26.3,7.9,28.3,11.8,66.3,13.2,7.6,17.1,4.4,90.4,75.4,80.1,2.9,"(38.9207358889, -77.0465415653)",DC,3745.0,-77.0465415653,38.9207358889,40.6,38.5,11500
58,84.1,1150000-11001004002,27.2,15.0,2.0,4.2,68.8,3.3,10.2,81.3,4.7,1.0,1.5,1.9,23.6,7.7,30.2,11.0,63.9,11.1,7.3,16.1,4.2,89.7,74.2,80.7,3.8,"(38.918099224, -77.0437381559)",DC,2797.0,-77.0437381559,38.918099224,38.7,36.3,11500
59,84.6,1150000-11001004100,25.7,22.0,3.1,6.8,73.4,5.3,9.3,86.0,6.1,1.7,2.1,3.5,32.2,7.6,24.3,12.2,74.5,17.6,6.9,16.8,4.0,88.5,74.6,79.9,3.7,"(38.9156530114, -77.0520464941)",DC,2708.0,-77.0520464941,38.9156530114,40.3,38.0,11500
60,83.6,1150000-11001004201,27.1,12.9,1.9,3.3,66.9,2.8,11.0,79.0,4.5,0.9,1.3,1.5,21.3,7.7,32.3,10.9,57.6,9.1,7.6,16.0,4.5,89.3,71.5,80.7,3.9,"(38.916207588, -77.0388456331)",DC,3342.0,-77.0388456331,38.916207588,35.8,36.0,11500
61,83.8,1150000-11001004202,26.8,14.1,2.1,3.9,67.8,3.1,10.7,79.6,4.7,1.0,1.4,1.9,23.0,7.7,30.7,10.9,61.6,10.4,7.5,15.9,4.3,88.9,74.0,80.4,3.4,"(38.9134044458, -77.0430359212)",DC,2771.0,-77.0430359212,38.9134044458,38.0,36.4,11500
62,77.7,1150000-11001004300,30.2,21.0,3.1,4.4,70.1,5.7,14.1,78.8,7.0,1.9,2.1,2.8,26.7,8.6,26.3,15.4,69.9,14.2,9.1,20.4,7.3,87.9,70.8,80.1,7.6,"(38.9168035115, -77.0341509587)",DC,3255.0,-77.0341509587,38.9168035115,31.2,30.3,11500
63,79.5,1150000-11001004400,29.9,16.4,2.2,3.5,68.1,3.9,12.7,79.3,5.5,1.2,1.6,1.9,23.1,8.0,29.8,12.8,62.0,10.7,8.2,18.8,5.6,88.9,70.0,81.8,5.5,"(38.9170144539, -77.0275918943)",DC,4572.0,-77.0275918943,38.9170144539,32.3,30.6,11500
64,70.5,1150000-11001004600,36.5,27.3,4.0,4.2,73.8,7.9,19.2,76.8,8.9,2.5,2.2,3.2,28.7,9.9,24.0,19.6,72.4,16.6,11.0,25.6,9.4,86.3,68.5,80.8,10.6,"(38.9097373995, -77.0133154357)",DC,3028.0,-77.0133154357,38.9097373995,28.4,28.3,11500
65,55.6,1150000-11001004701,40.1,33.6,6.6,4.9,74.6,11.8,23.6,73.3,13.1,4.3,3.3,5.3,34.1,11.2,17.1,26.4,76.1,21.4,13.7,28.1,14.0,77.0,56.0,73.5,18.4,"(38.9041360314, -77.0136463819)",DC,3986.0,-77.0136463819,38.9041360314,24.2,21.1,11500
66,70.7,1150000-11001004702,33.7,27.4,4.0,5.3,73.1,8.0,15.6,79.3,8.4,2.8,2.6,4.0,30.1,9.1,22.5,17.8,75.7,17.9,9.6,22.3,8.0,84.5,67.8,79.7,10.4,"(38.9008675863, -77.0136052714)",DC,1802.0,-77.0136052714,38.9008675863,29.6,26.1,11500
67,73.0,1150000-11001004801,33.9,24.4,3.5,4.5,72.0,6.9,16.1,78.3,7.6,2.3,2.1,3.1,27.7,9.0,26.0,16.8,72.4,15.5,9.6,22.0,8.1,86.4,69.9,80.0,10.0,"(38.9117400908, -77.0195319937)",DC,2143.0,-77.0195319937,38.9117400908,28.8,29.3,11500
68,64.7,1150000-11001004802,36.8,27.6,4.8,4.4,72.2,8.8,20.3,74.5,10.1,3.0,2.5,3.8,30.5,10.0,21.6,21.6,73.4,17.7,11.8,24.8,11.1,80.7,61.8,77.2,13.7,"(38.9062165422, -77.0188944239)",DC,2922.0,-77.0188944239,38.9062165422,26.7,25.0,11500
69,63.8,1150000-11001004901,36.6,26.8,5.1,4.2,71.4,8.2,21.2,74.5,10.6,2.9,2.5,3.7,29.9,10.5,22.3,21.3,71.4,17.7,12.5,26.1,11.2,82.0,61.2,76.6,14.6,"(38.9113297971, -77.0244761699)",DC,2087.0,-77.0244761699,38.9113297971,27.0,24.3,11500
70,71.4,1150000-11001004902,33.3,19.0,3.5,3.2,67.5,5.2,19.0,73.1,8.1,1.6,1.8,2.4,25.1,9.2,26.6,18.1,61.6,12.3,11.3,22.7,10.5,85.1,63.3,77.5,9.3,"(38.9058868044, -77.0243932088)",DC,2690.0,-77.0243932088,38.9058868044,30.6,29.8,11500
71,80.1,1150000-11001005001,30.0,18.9,2.6,3.9,69.1,4.7,13.5,80.1,6.0,1.4,1.7,2.3,25.5,8.0,29.9,13.4,65.8,12.2,8.3,19.7,5.8,88.9,70.8,81.3,5.8,"(38.9119189388, -77.0295156072)",DC,1955.0,-77.0295156072,38.9119189388,33.6,33.8,11500
72,69.6,1150000-11001005002,32.7,19.5,3.6,3.5,67.0,5.6,18.1,73.4,8.1,1.8,1.9,2.7,26.2,8.8,27.3,17.9,64.6,12.9,10.9,22.1,11.1,83.4,63.4,77.4,10.6,"(38.9072747639, -77.0293193313)",DC,6021.0,-77.0293193313,38.9072747639,28.4,27.4,11500
73,81.8,1150000-11001005201,28.4,15.8,2.3,3.8,67.7,3.7,12.5,79.5,5.3,1.1,1.5,2.0,23.8,7.8,30.7,12.4,62.3,10.9,8.0,17.6,5.5,89.0,72.1,80.5,4.6,"(38.9102026489, -77.0341232003)",DC,6077.0,-77.0341232003,38.9102026489,35.1,34.7,11500
74,83.9,1150000-11001005301,27.0,14.3,2.1,4.0,67.6,3.2,10.6,80.3,4.8,1.0,1.4,1.9,23.3,7.6,30.2,11.1,61.3,10.6,7.5,16.1,4.4,89.1,72.7,79.9,3.3,"(38.9107790031, -77.0389514661)",DC,5051.0,-77.0389514661,38.9107790031,38.6,37.1,11500
75,81.3,1150000-11001005500,27.8,17.9,2.8,4.5,69.0,4.4,12.0,78.6,6.0,1.5,1.8,2.7,26.2,8.1,27.2,13.0,67.8,13.1,8.3,17.4,5.2,86.5,71.2,78.5,4.6,"(38.9076255443, -77.0492482515)",DC,6671.0,-77.0492482515,38.9076255443,36.8,33.2,11500
76,79.4,1150000-11001005600,27.3,18.6,3.7,4.8,69.3,4.9,13.6,70.7,7.0,1.8,2.0,3.4,27.0,8.9,25.6,14.8,70.8,14.2,9.8,16.2,6.8,81.1,71.0,76.0,6.1,"(38.9002079893, -77.0538622585)",DC,6756.0,-77.0538622585,38.9002079893,37.8,32.5,11500
77,79.7,1150000-11001005800,29.2,20.4,3.2,4.8,70.2,5.5,13.3,81.0,6.8,1.6,1.9,2.9,29.3,7.9,24.6,15.0,69.8,14.3,8.4,17.6,6.2,85.8,69.0,78.1,4.9,"(38.8978732774, -77.0250007021)",DC,2830.0,-77.0250007021,38.8978732774,35.6,34.4,11500
78,76.7,1150000-11001005900,30.4,16.2,2.3,3.1,68.6,4.1,12.8,74.2,5.5,1.3,1.5,1.8,21.9,8.7,28.8,12.9,64.6,10.1,8.8,17.6,6.2,84.4,68.8,81.0,7.4,"(38.8960049612, -77.0149463959)",DC,2998.0,-77.0149463959,38.8960049612,30.2,29.7,11500
80,42.7,1150000-11001006400,45.5,43.3,10.9,5.5,76.8,17.1,32.1,72.3,20.0,7.1,4.5,7.6,38.9,13.8,14.3,34.2,78.8,28.9,18.3,37.4,19.2,72.4,48.4,70.4,29.2,"(38.8686898335, -77.0114952748)",DC,2139.0,-77.0114952748,38.8686898335,20.7,16.5,11500
81,83.9,1150000-11001006500,26.9,18.7,2.9,5.2,70.6,4.4,11.6,82.4,5.9,1.4,1.8,2.7,27.7,8.2,27.4,12.4,69.6,14.6,8.1,17.5,4.4,88.9,74.2,80.5,3.9,"(38.8838117539, -77.0033906634)",DC,2531.0,-77.0033906634,38.8838117539,38.6,36.8,11500
82,86.1,1150000-11001006600,25.1,18.0,2.6,5.8,71.1,4.0,9.6,83.9,5.2,1.3,1.7,2.7,27.8,7.8,28.1,10.9,70.6,14.7,7.1,16.0,3.5,89.9,77.1,80.6,3.0,"(38.887703366, -76.9983053722)",DC,1909.0,-76.9983053722,38.887703366,40.6,38.9,11500
83,85.5,1150000-11001006700,26.4,19.3,2.7,5.4,71.6,4.5,10.4,84.6,5.6,1.4,1.8,2.6,27.9,8.0,27.4,11.7,70.5,14.8,7.4,17.4,3.8,90.2,75.6,80.8,3.5,"(38.8875982141, -76.989959719)",DC,3775.0,-76.989959719,38.8875982141,38.3,37.1,11500
84,70.6,1150000-11001006801,36.3,27.7,3.9,4.7,74.5,7.8,17.6,79.3,8.5,2.6,2.3,3.4,28.8,9.7,24.1,18.5,73.8,17.4,10.3,24.7,8.1,87.1,67.2,80.1,10.9,"(38.8877299699, -76.9801035038)",DC,1949.0,-76.9801035038,38.8877299699,28.7,27.4,11500
85,74.8,1150000-11001006802,33.6,27.2,3.7,5.2,74.3,7.5,15.5,82.4,8.1,2.5,2.4,3.5,29.5,9.3,23.5,17.1,74.9,17.8,9.5,23.5,6.7,87.8,69.1,80.8,9.1,"(38.8831749899, -76.9814681769)",DC,2084.0,-76.9814681769,38.8831749899,30.4,28.2,11500
86,24.0,1150000-11001006804,51.8,39.2,11.4,2.3,67.5,14.6,49.1,52.1,22.9,5.8,3.7,6.1,34.2,12.8,19.0,41.3,63.3,19.3,23.4,44.4,36.1,61.5,29.0,62.2,39.4,"(38.8878739778, -76.971276861)",DC,3670.0,-76.971276861,38.8878739778,16.2,12.2,11500
87,80.5,1150000-11001006900,30.3,22.6,3.1,5.2,72.4,5.8,13.3,83.5,6.6,1.9,2.0,2.8,28.1,8.5,26.3,14.3,72.8,15.9,8.5,20.2,5.1,89.3,73.5,82.0,6.2,"(38.8836356994, -76.9873508943)",DC,2179.0,-76.9873508943,38.8836356994,34.3,31.8,11500
88,81.4,1150000-11001007000,27.9,17.4,3.0,4.2,68.6,4.2,14.4,75.8,6.1,1.4,1.5,2.3,25.5,8.2,31.3,13.7,66.3,12.9,8.9,17.8,6.0,88.8,73.5,80.2,5.4,"(38.8813275374, -76.9959253804)",DC,2812.0,-76.9959253804,38.8813275374,36.4,34.8,11500
89,61.2,1150000-11001007100,38.1,27.4,4.9,4.3,72.6,8.3,20.8,76.3,10.3,2.8,2.6,3.6,29.5,10.5,21.7,20.9,71.6,17.8,12.4,27.1,10.0,81.1,58.9,75.4,15.3,"(38.8771309137, -76.987125306)",DC,2911.0,-76.987125306,38.8771309137,25.3,22.8,11500
90,75.9,1150000-11001007200,31.3,18.3,2.7,3.7,68.2,4.6,15.3,75.4,6.1,1.6,1.8,2.2,23.1,8.6,29.2,14.7,64.8,11.8,9.2,20.1,7.1,87.4,71.3,80.5,7.8,"(38.8751274055, -77.0008856064)",DC,2794.0,-77.0008856064,38.8751274055,29.7,29.6,11500
91,75.0,1150000-11001007301,33.2,12.7,2.3,2.2,66.4,2.7,17.5,69.6,5.6,0.8,1.1,1.2,18.6,8.8,33.4,14.6,48.4,8.0,10.5,19.3,7.9,86.2,62.2,78.2,7.7,"(38.8407214661, -77.023048405)",DC,3012.0,-77.023048405,38.8407214661,34.2,30.6,11500
92,48.8,1150000-11001007304,45.3,42.0,8.9,5.3,78.7,15.5,29.7,73.8,17.1,6.0,3.9,6.6,36.7,13.3,15.1,31.9,78.3,26.8,16.7,36.7,16.8,78.4,55.5,74.3,23.4,"(38.8408793676, -76.9851734491)",DC,3546.0,-76.9851734491,38.8408793676,22.2,19.2,11500
93,34.2,1150000-11001007401,49.3,40.9,11.8,3.8,75.3,16.1,40.6,62.5,22.2,6.7,4.1,6.3,36.3,15.8,13.9,38.9,73.2,25.7,22.9,41.4,26.2,68.8,43.2,68.0,35.0,"(38.86464115, -76.9968811847)",DC,2414.0,-76.9968811847,38.86464115,18.0,14.8,11500
94,45.5,1150000-11001007403,47.0,37.7,8.2,4.0,77.0,13.3,32.7,68.9,16.5,4.9,3.3,5.1,33.5,13.9,16.3,32.1,73.7,22.9,18.1,37.2,18.5,76.8,52.4,73.5,25.0,"(38.8484629857, -76.9744329125)",DC,2859.0,-76.9744329125,38.8484629857,21.3,19.0,11500
95,44.0,1150000-11001007404,47.5,37.4,8.5,3.9,76.1,13.1,33.8,68.6,17.2,4.9,3.4,4.8,33.1,14.1,16.0,32.8,72.7,23.0,18.8,38.0,19.6,76.6,51.2,73.0,25.8,"(38.8503102279, -76.9820302095)",DC,3310.0,-76.9820302095,38.8503102279,20.8,18.3,11500
96,47.2,1150000-11001007406,47.1,33.2,6.5,3.6,76.8,10.6,30.3,69.6,13.9,3.7,2.7,3.7,29.9,13.5,17.9,29.2,70.7,19.9,17.1,35.0,16.0,77.9,53.5,74.5,23.2,"(38.8555133738, -76.9895724994)",DC,3063.0,-76.9895724994,38.8555133738,20.9,19.4,11500
97,52.4,1150000-11001007407,45.4,39.3,7.5,4.6,78.0,13.7,29.1,75.0,15.3,4.9,3.4,5.4,34.3,12.8,16.6,29.9,76.1,24.1,15.9,36.3,15.3,81.5,57.3,76.1,20.1,"(38.857466985, -76.9850581951)",DC,2587.0,-76.9850581951,38.857466985,23.3,21.4,11500
98,39.1,1150000-11001007408,49.1,40.5,9.7,3.8,75.4,14.9,38.2,67.1,19.3,5.7,3.5,5.8,35.3,14.0,16.3,35.8,73.2,24.1,20.0,40.2,22.1,73.9,46.1,71.3,29.8,"(38.8525727287, -76.9706854125)",DC,3038.0,-76.9706854125,38.8525727287,19.9,16.9,11500
99,49.3,1150000-11001007409,46.6,37.7,8.0,4.1,77.1,13.1,32.5,69.8,16.3,4.9,3.3,5.0,33.3,13.8,16.2,32.2,73.9,23.1,17.9,37.0,18.0,79.5,55.2,75.5,22.8,"(38.8452833886, -76.9743267079)",DC,3499.0,-76.9743267079,38.8452833886,22.0,19.6,11500
100,41.2,1150000-11001007502,47.0,44.1,10.2,5.3,78.4,17.2,31.9,72.4,19.1,6.9,4.3,7.5,38.4,13.6,14.1,34.4,79.0,28.4,17.8,38.1,18.9,73.3,49.3,71.5,29.3,"(38.8566328875, -76.9695452261)",DC,4541.0,-76.9695452261,38.8566328875,20.6,16.1,11500
101,47.2,1150000-11001007503,46.0,40.5,8.7,4.8,77.7,14.8,31.0,72.2,17.0,5.6,3.7,6.1,35.7,13.3,15.6,32.1,76.5,25.2,17.2,37.0,17.7,78.2,53.0,73.5,24.0,"(38.8639864249, -76.9869812788)",DC,2425.0,-76.9869812788,38.8639864249,21.8,19.1,11500
102,43.7,1150000-11001007504,47.3,43.0,10.4,4.6,77.0,16.7,35.2,70.5,19.7,6.5,4.1,6.8,37.3,13.9,14.6,35.2,76.7,26.8,19.1,40.2,20.1,75.0,50.0,71.8,26.8,"(38.8610018457, -76.9794089411)",DC,2451.0,-76.9794089411,38.8610018457,20.7,18.2,11500
103,56.2,1150000-11001007601,43.5,42.8,7.7,5.8,79.9,15.2,25.5,79.0,15.0,5.4,3.6,6.4,37.3,12.1,15.9,28.7,80.0,27.1,14.1,34.8,13.2,81.8,60.6,76.7,18.1,"(38.8715102905, -76.9799978917)",DC,4355.0,-76.9799978917,38.8715102905,24.8,22.6,11500
104,65.9,1150000-11001007603,40.5,40.1,6.5,6.1,80.2,13.3,22.1,81.3,12.9,4.6,3.3,5.7,35.8,11.5,16.7,25.7,79.7,25.6,12.5,32.0,11.3,86.6,68.4,80.2,12.6,"(38.8591091436, -76.9585463501)",DC,4044.0,-76.9585463501,38.8591091436,28.1,27.0,11500
105,65.1,1150000-11001007604,41.2,41.1,6.2,6.2,81.0,13.6,20.8,83.1,12.4,4.6,3.3,5.7,36.0,11.2,16.9,24.6,80.5,25.8,11.9,31.9,10.0,86.5,67.3,79.9,12.9,"(38.8660868826, -76.9637959927)",DC,3644.0,-76.9637959927,38.8660868826,26.7,26.6,11500
106,57.8,1150000-11001007605,43.6,41.4,7.4,5.4,79.6,14.5,26.1,78.1,14.6,5.0,3.4,5.8,36.3,12.2,16.4,28.4,79.0,25.8,14.3,34.9,13.3,83.1,62.1,77.9,17.3,"(38.8660433011, -76.9752566331)",DC,3447.0,-76.9752566331,38.8660433011,24.3,23.5,11500
107,44.5,1150000-11001007703,46.8,43.3,10.5,4.9,77.4,17.0,34.0,71.2,20.0,6.7,4.2,7.1,37.8,14.2,14.4,35.3,77.6,27.9,19.1,39.6,20.5,75.9,50.8,72.4,26.4,"(38.8861967598, -76.9475351599)",DC,5187.0,-76.9475351599,38.8861967598,21.5,18.3,11500
108,53.8,1150000-11001007707,43.6,44.4,8.2,6.3,80.5,16.2,25.2,78.2,15.7,6.3,4.2,7.3,37.8,12.2,14.8,30.2,81.2,28.5,14.2,34.8,14.1,81.1,59.7,76.2,20.5,"(38.8779399447, -76.9353606595)",DC,3867.0,-76.9353606595,38.8779399447,23.8,21.0,11500
109,46.7,1150000-11001007708,46.8,43.9,9.5,5.2,78.7,16.5,32.3,74.7,18.1,6.1,3.7,6.6,38.1,13.5,15.2,33.7,78.8,28.1,17.4,38.1,17.5,77.9,54.3,74.3,24.2,"(38.8855369235, -76.9616033731)",DC,2486.0,-76.9616033731,38.8855369235,21.5,19.7,11500
110,54.2,1150000-11001007709,44.2,45.9,9.1,6.0,80.1,17.3,28.2,78.7,17.2,6.3,4.0,7.4,39.5,12.5,14.8,31.7,81.2,29.5,15.3,36.6,15.0,81.0,59.9,76.8,19.2,"(38.8773707663, -76.9678810881)",DC,2007.0,-76.9678810881,38.8773707663,22.8,21.4,11500
111,57.3,1150000-11001007803,43.5,42.0,7.3,5.6,79.7,14.7,25.5,79.0,14.6,5.1,3.4,6.1,36.6,11.9,16.7,28.4,79.5,26.2,14.0,34.2,13.5,83.2,61.5,77.5,17.8,"(38.8959827032, -76.941377166)",DC,3293.0,-76.941377166,38.8959827032,24.4,23.2,11500
112,51.4,1150000-11001007804,44.7,42.8,8.5,5.7,79.5,15.5,27.8,76.0,16.2,5.9,3.7,6.7,37.3,12.9,15.5,31.0,79.5,27.5,15.5,35.0,15.5,80.3,57.8,75.5,21.9,"(38.895419246, -76.9313444651)",DC,3446.0,-76.9313444651,38.895419246,22.6,20.2,11500
113,54.6,1150000-11001007806,44.2,44.4,8.7,5.5,79.2,16.6,28.8,76.9,16.7,6.0,3.9,6.9,38.5,12.3,15.7,31.6,79.9,27.7,15.3,37.0,15.7,81.5,59.5,76.3,18.9,"(38.9056038461, -76.932687989)",DC,2347.0,-76.932687989,38.9056038461,23.5,22.4,11500
114,50.4,1150000-11001007807,45.3,41.3,7.7,5.3,79.4,14.6,26.8,76.8,15.1,5.2,3.5,5.9,36.2,12.6,16.1,29.4,78.8,25.9,14.9,35.0,14.4,79.2,57.0,74.9,22.4,"(38.8985726799, -76.9210476683)",DC,2139.0,-76.9210476683,38.8985726799,22.6,20.6,11500
115,52.7,1150000-11001007808,43.8,41.7,8.0,5.5,79.4,15.1,26.6,76.1,15.5,5.5,3.6,6.4,36.8,12.7,15.8,29.6,79.2,26.3,15.0,34.5,15.2,80.9,58.7,75.1,21.3,"(38.8927669403, -76.9194317159)",DC,3646.0,-76.9194317159,38.8927669403,22.6,21.2,11500
116,55.1,1150000-11001007809,44.1,40.1,7.1,5.3,79.3,13.8,25.8,77.7,14.4,4.9,3.3,5.5,35.3,12.2,16.6,28.5,78.3,25.1,14.4,34.3,13.6,81.8,59.3,76.8,19.4,"(38.9015403895, -76.9321953815)",DC,2922.0,-76.9321953815,38.9015403895,23.2,21.5,11500
117,54.3,1150000-11001007901,43.1,36.5,7.0,4.8,76.7,12.4,25.9,75.7,14.1,4.5,3.1,5.0,33.7,12.4,18.0,26.8,76.2,23.0,14.9,32.6,13.7,80.0,56.4,75.3,20.6,"(38.8965143158, -76.9804422228)",DC,3822.0,-76.9804422228,38.8965143158,23.9,21.5,11500
118,62.4,1150000-11001007903,40.4,39.1,6.0,5.9,79.2,13.0,20.2,81.0,12.3,4.5,3.5,5.5,35.1,10.9,17.2,24.4,79.9,24.4,11.8,31.1,10.9,84.5,63.5,78.5,15.3,"(38.8963838241, -76.9743348061)",DC,1774.0,-76.9743348061,38.8963838241,25.8,24.0,11500
119,80.3,1150000-11001008001,31.6,24.0,3.0,4.9,73.9,6.2,13.2,83.3,6.7,2.0,2.1,2.8,27.4,8.9,25.2,14.7,73.4,15.9,8.6,21.6,5.4,89.9,73.5,82.5,6.4,"(38.8961938656, -76.9866545148)",DC,2784.0,-76.9866545148,38.8961938656,31.4,31.8,11500
120,78.4,1150000-11001008002,32.1,23.4,3.1,4.8,73.1,6.1,13.7,82.7,6.8,1.9,2.0,2.8,27.8,8.8,25.5,14.8,72.3,15.6,8.8,21.5,5.5,88.6,71.3,80.9,7.1,"(38.8915377814, -76.9827632447)",DC,3031.0,-76.9827632447,38.8915377814,32.0,31.6,11500
121,83.4,1150000-11001008100,27.9,18.6,2.6,4.9,70.8,4.4,11.5,83.1,5.6,1.4,1.7,2.4,26.5,8.2,28.2,12.2,69.0,13.9,7.9,18.0,4.2,89.7,74.4,80.6,4.5,"(38.8931929194, -76.992527802)",DC,2910.0,-76.992527802,38.8931929194,36.2,35.8,11500
122,83.6,1150000-11001008200,26.6,16.5,2.7,4.7,69.3,3.8,11.6,79.9,5.5,1.2,1.6,2.4,25.8,8.2,29.1,11.8,66.7,13.1,8.2,16.7,4.3,87.9,74.1,79.7,3.8,"(38.8918302632, -77.0006227874)",DC,2918.0,-77.0006227874,38.8918302632,38.4,36.7,11500
123,83.5,1150000-11001008301,27.8,16.5,2.3,4.2,69.6,3.7,11.1,81.4,5.1,1.2,1.5,2.0,24.4,8.1,30.4,11.4,65.6,12.0,7.7,17.3,4.1,89.5,74.0,82.0,4.3,"(38.8970373408, -77.0008008935)",DC,2279.0,-77.0008008935,38.8970373408,35.8,34.6,11500
124,81.7,1150000-11001008302,28.5,21.0,2.9,5.0,71.4,5.3,12.1,81.9,6.3,1.8,2.0,2.8,27.3,8.5,26.8,13.3,72.0,15.0,8.3,18.9,4.8,88.6,72.8,80.8,5.7,"(38.8963061489, -76.9966527047)",DC,2206.0,-76.9966527047,38.8963061489,33.2,31.6,11500
125,73.4,1150000-11001008402,32.4,26.3,3.9,5.6,73.1,7.3,15.1,80.6,7.9,2.6,2.4,3.6,29.6,9.2,24.2,16.7,75.9,18.1,9.5,21.7,6.8,85.5,69.7,78.5,10.5,"(38.8986055682, -76.9910793891)",DC,2149.0,-76.9910793891,38.8986055682,29.8,27.6,11500
126,76.0,1150000-11001008410,35.0,26.2,3.1,4.6,75.1,7.1,14.3,81.6,7.1,2.2,2.2,3.0,27.6,9.1,24.7,15.9,74.0,15.9,8.9,23.4,6.4,89.4,72.3,83.3,8.0,"(38.9015530096, -76.9911172684)",DC,1489.0,-76.9911172684,38.9015530096,29.4,30.0,11500
127,66.2,1150000-11001008701,38.9,30.5,4.2,4.7,76.6,9.0,18.4,78.6,9.3,3.0,2.5,3.7,29.9,10.3,21.7,20.2,74.9,18.3,10.8,26.6,9.3,85.1,64.0,79.8,14.1,"(38.9140985417, -77.0062781095)",DC,2407.0,-77.0062781095,38.9140985417,27.3,25.5,11500
128,61.7,1150000-11001008702,40.8,36.9,6.3,5.1,77.0,12.3,23.0,78.9,13.0,4.3,3.2,5.2,34.3,11.2,18.5,24.9,77.0,22.9,13.1,31.8,12.0,83.7,61.1,78.6,15.6,"(38.914875287, -77.0014628972)",DC,1599.0,-77.0014628972,38.914875287,25.5,23.6,11500
129,58.7,1150000-11001008802,41.3,39.3,6.6,5.7,78.7,13.4,22.1,78.6,13.2,4.9,3.5,5.8,35.3,11.4,17.3,25.8,79.3,24.7,12.8,31.6,12.2,82.0,60.5,77.0,17.3,"(38.9039351886, -76.9866495537)",DC,4119.0,-76.9866495537,38.9039351886,24.6,22.0,11500
130,51.6,1150000-11001008803,40.1,26.5,6.9,2.7,68.5,9.4,30.2,58.5,13.8,3.4,2.7,4.0,29.0,12.4,21.3,26.9,67.7,15.8,18.0,29.7,18.0,71.5,49.5,72.5,21.7,"(38.9104297286, -76.9913365682)",DC,2037.0,-76.9913365682,38.9104297286,20.5,19.1,11500
131,55.3,1150000-11001008804,44.0,39.8,7.1,5.0,78.5,13.9,25.6,78.1,14.5,4.8,3.3,5.5,35.6,12.1,17.1,27.5,78.0,24.6,14.4,34.5,13.3,81.6,58.3,77.2,18.9,"(38.9102340252, -76.9812278031)",DC,2412.0,-76.9812278031,38.9102340252,23.2,21.5,11500
132,51.5,1150000-11001008903,44.4,42.8,8.7,5.3,78.8,15.8,28.1,76.1,16.9,6.0,3.9,6.6,37.2,12.9,14.9,30.9,79.1,27.0,15.8,36.4,15.9,79.3,56.3,75.0,22.1,"(38.9041111336, -76.9777112277)",DC,2633.0,-76.9777112277,38.9041111336,22.3,19.8,11500
133,54.1,1150000-11001008904,44.7,41.3,7.9,5.0,78.9,14.7,28.2,76.5,15.7,5.2,3.3,5.9,36.3,12.8,16.4,29.8,78.1,25.6,15.5,35.5,14.9,81.7,57.8,76.5,19.7,"(38.9009420937, -76.9748483102)",DC,3309.0,-76.9748483102,38.9009420937,23.0,22.1,11500
134,61.9,1150000-11001009000,39.2,46.2,7.7,7.9,82.5,16.5,19.3,82.8,14.0,6.1,4.2,7.5,40.0,11.4,13.8,26.8,84.8,31.0,11.6,30.5,11.2,82.7,67.7,78.1,16.1,"(38.9229021017, -76.9540208796)",DC,2732.0,-76.9540208796,38.9229021017,25.4,24.1,11500
135,56.5,1150000-11001009102,42.9,40.6,7.3,5.6,79.4,14.2,24.3,77.7,14.6,5.2,3.6,6.1,35.9,12.2,16.1,27.8,79.2,25.8,14.1,33.6,13.4,82.3,59.8,76.7,19.1,"(38.9187397669, -76.9889803818)",DC,4127.0,-76.9889803818,38.9187397669,23.9,21.8,11500
136,68.1,1150000-11001009201,35.0,24.1,4.4,3.9,72.4,7.3,18.9,69.6,9.1,2.5,2.2,3.6,27.8,10.8,23.2,19.5,71.2,15.3,12.3,23.2,10.2,82.9,63.8,77.0,12.5,"(38.9287750097, -76.9989366771)",DC,1976.0,-76.9989366771,38.9287750097,30.4,26.0,11500
137,66.4,1150000-11001009203,38.3,34.5,5.2,5.4,78.2,10.9,18.3,79.5,10.8,3.8,3.0,4.7,32.6,10.9,18.6,21.7,77.9,21.5,11.4,28.3,10.0,84.9,65.6,78.6,12.9,"(38.9219740441, -77.0055321679)",DC,2582.0,-77.0055321679,38.9219740441,27.7,25.6,11500
138,49.1,1150000-11001009204,43.2,42.7,9.4,5.8,77.5,16.7,28.1,74.7,17.7,6.4,4.2,7.5,38.9,12.6,15.2,32.1,80.1,28.3,16.0,35.6,18.3,77.4,55.5,73.1,23.6,"(38.923413086, -76.9987667506)",DC,2557.0,-76.9987667506,38.923413086,22.1,19.4,11500
139,73.3,1150000-11001009301,34.7,32.5,4.7,6.1,77.3,9.7,15.8,82.4,9.5,3.2,2.8,4.5,33.4,9.7,20.4,19.3,78.7,21.5,9.9,25.0,7.6,86.3,69.4,80.3,9.4,"(38.9307337568, -76.9863910021)",DC,3143.0,-76.9863910021,38.9307337568,29.4,28.5,11500
140,70.8,1150000-11001009302,37.2,32.3,4.8,5.2,76.8,9.8,19.0,80.2,10.2,3.2,2.5,4.1,32.0,10.4,21.3,21.3,76.8,20.5,11.2,26.8,9.9,87.8,69.1,81.2,11.7,"(38.9251124053, -76.99085334)",DC,1189.0,-76.99085334,38.9251124053,28.0,27.8,11500
141,66.1,1150000-11001009400,38.7,41.1,5.9,6.9,80.8,13.4,17.8,84.1,11.9,4.8,3.6,6.1,36.6,10.5,16.7,23.5,82.0,26.5,10.7,29.5,9.4,85.3,66.7,79.4,13.2,"(38.9367763097, -76.9742391991)",DC,4163.0,-76.9742391991,38.9367763097,26.9,24.7,11500
142,57.8,1150000-11001009501,37.7,26.4,6.0,3.6,70.3,9.0,25.1,63.2,12.0,3.3,2.6,4.1,29.6,11.6,22.5,24.7,71.8,17.0,15.5,26.7,15.0,75.9,56.3,74.9,19.5,"(38.9418249919, -77.0029267109)",DC,5797.0,-77.0029267109,38.9418249919,25.4,20.8,11500
143,71.5,1150000-11001009503,36.1,40.1,4.7,7.9,82.3,12.0,12.8,87.8,9.6,4.1,3.5,5.7,36.5,9.6,16.5,19.3,83.5,26.0,8.5,25.8,6.2,86.7,70.0,80.7,10.5,"(38.9434460988, -76.9845275919)",DC,2910.0,-76.9845275919,38.9434460988,29.7,27.7,11500
144,65.5,1150000-11001009504,37.2,40.0,6.4,7.3,79.5,13.0,18.6,82.6,12.1,4.8,3.6,6.3,36.9,10.5,17.2,23.9,82.0,26.9,11.0,28.0,9.7,84.3,66.1,78.2,13.9,"(38.9409336923, -76.9930948758)",DC,3025.0,-76.9930948758,38.9409336923,27.9,24.6,11500
145,67.1,1150000-11001009505,38.4,42.1,5.7,7.5,82.3,13.4,16.5,85.1,11.4,4.7,3.5,6.0,37.0,10.5,15.9,23.2,83.3,27.3,10.1,28.3,9.4,86.6,69.2,79.9,13.3,"(38.9619641461, -77.00519921)",DC,2630.0,-77.00519921,38.9619641461,27.6,26.8,11500
146,67.8,1150000-11001009507,38.1,42.2,6.2,7.4,81.8,14.0,17.4,82.7,12.2,5.1,3.7,6.4,36.9,10.8,15.8,24.6,83.0,27.5,10.8,29.4,11.0,87.1,69.7,79.7,12.6,"(38.958501286, -76.9977710356)",DC,1489.0,-76.9977710356,38.958501286,27.8,27.2,11500
147,70.3,1150000-11001009508,37.0,39.4,5.1,7.2,81.6,12.4,15.3,83.9,10.3,4.3,3.4,5.5,35.1,10.3,17.1,21.4,82.6,25.3,9.7,27.3,8.4,87.1,70.4,80.3,10.9,"(38.9538601473, -76.9984739959)",DC,3290.0,-76.9984739959,38.9538601473,28.2,27.9,11500
148,71.2,1150000-11001009509,38.0,41.2,5.3,7.2,82.1,13.0,16.1,85.3,10.8,4.5,3.4,5.8,36.1,10.3,16.3,22.3,82.8,26.2,9.9,28.3,8.6,88.4,71.8,81.8,10.5,"(38.9491918358, -76.9949630488)",DC,2940.0,-76.9949630488,38.9491918358,28.6,28.6,11500
149,50.2,1150000-11001009601,44.7,41.4,9.0,5.1,78.6,15.4,29.1,73.2,17.3,6.0,3.9,6.4,36.5,13.6,14.9,31.5,78.1,26.6,16.9,36.3,17.0,78.7,54.2,74.3,23.6,"(38.9102016818, -76.9444388681)",DC,2445.0,-76.9444388681,38.9102016818,22.7,19.4,11500
150,41.9,1150000-11001009602,47.5,40.4,9.9,4.5,77.1,15.2,34.6,68.9,18.9,5.9,3.8,6.0,35.8,14.6,14.8,34.7,75.7,25.9,19.5,38.6,20.2,74.1,49.7,71.5,28.8,"(38.9013311276, -76.9534288384)",DC,3280.0,-76.9534288384,38.9013311276,20.9,17.9,11500
151,58.2,1150000-11001009603,43.1,43.1,7.5,6.2,80.6,15.0,24.2,79.8,14.5,5.5,3.6,6.4,37.2,12.1,16.0,28.1,80.6,27.4,13.7,33.5,12.9,83.8,63.0,77.8,17.8,"(38.8918319575, -76.9478990099)",DC,3373.0,-76.9478990099,38.8918319575,24.7,23.2,11500
152,63.8,1150000-11001009604,41.3,43.9,6.6,7.0,82.3,14.6,20.4,83.7,13.0,5.1,3.6,6.2,37.5,11.3,15.5,26.2,82.6,28.3,11.8,31.8,10.4,85.9,67.4,80.2,14.4,"(38.8933925459, -76.958294192)",DC,1962.0,-76.958294192,38.8933925459,26.6,25.0,11500
153,52.1,1150000-11001009700,45.0,43.0,9.4,5.1,78.6,16.4,31.0,73.7,17.8,6.1,4.0,6.7,37.4,13.6,14.7,32.7,78.5,27.2,17.2,38.1,17.5,80.6,58.8,75.0,20.6,"(38.8340938046, -76.9897525071)",DC,3177.0,-76.9897525071,38.8340938046,22.5,21.9,11500
154,51.4,1150000-11001009801,44.5,42.0,8.9,5.3,78.7,15.7,29.3,73.9,17.1,6.1,4.0,6.7,36.7,13.3,14.9,31.6,78.3,26.8,16.6,36.7,16.9,79.7,57.4,74.7,21.1,"(38.833834401, -76.9963776795)",DC,1575.0,-76.9963776795,38.833834401,22.9,20.0,11500
155,46.5,1150000-11001009802,46.4,39.7,9.1,4.4,77.1,14.5,33.2,70.1,17.8,5.6,3.7,5.8,34.7,14.1,15.3,33.3,74.9,24.8,18.5,38.1,19.2,77.6,52.7,73.5,25.0,"(38.8307311498, -76.9965577715)",DC,1693.0,-76.9965577715,38.8307311498,21.5,18.8,11500
156,45.0,1150000-11001009803,47.1,42.8,9.3,4.8,78.1,16.2,32.5,73.5,18.0,5.9,3.8,6.5,37.2,13.4,15.3,33.1,77.6,26.7,17.6,38.9,17.7,76.6,52.5,73.5,24.5,"(38.8358693482, -77.0040831938)",DC,2758.0,-77.0040831938,38.8358693482,20.9,18.8,11500
157,55.6,1150000-11001009804,44.6,41.1,8.4,4.8,78.3,15.1,30.1,74.0,16.5,5.4,3.6,5.9,36.2,13.1,16.0,31.3,77.6,25.7,16.5,37.0,16.4,82.2,59.9,77.1,18.0,"(38.8396610899, -76.9978352709)",DC,2473.0,-76.9978352709,38.8396610899,23.7,22.8,11500
158,53.7,1150000-11001009807,44.5,42.9,8.0,5.5,79.5,15.5,27.0,77.8,15.5,5.5,3.6,6.4,37.3,12.3,16.0,29.6,79.4,26.8,14.7,35.8,14.6,81.2,60.3,76.2,19.5,"(38.8292134165, -77.0117531092)",DC,3072.0,-77.0117531092,38.8292134165,23.6,22.3,11500
159,50.9,1150000-11001009810,46.6,38.5,7.9,4.2,77.4,13.5,31.2,72.0,16.1,4.9,3.3,5.2,33.8,13.4,16.4,30.9,74.6,23.4,17.3,37.4,16.5,79.7,55.4,76.4,20.0,"(38.8272004446, -77.0045793122)",DC,2507.0,-77.0045793122,38.8272004446,22.7,20.3,11500
160,48.3,1150000-11001009811,46.8,38.3,8.3,4.2,77.1,13.5,32.8,70.5,16.5,5.0,3.3,5.2,33.8,13.7,16.4,32.1,74.2,23.5,18.0,37.3,18.0,78.8,54.3,74.3,22.5,"(38.8266497689, -76.9984610365)",DC,4365.0,-76.9984610365,38.8266497689,21.7,20.4,11500
161,74.0,1150000-11001009901,36.8,44.6,5.6,8.1,84.1,14.2,14.8,88.0,11.0,4.8,3.7,6.3,38.1,10.4,14.8,21.7,84.6,28.7,9.4,29.1,7.1,89.2,74.1,82.5,9.1,"(38.8753463575, -76.9553331484)",DC,2249.0,-76.9553331484,38.8753463575,29.9,30.9,11500
162,58.4,1150000-11001009902,42.1,43.8,7.0,6.8,81.8,14.9,21.5,81.6,13.5,5.4,3.6,6.7,37.5,11.5,15.7,27.1,82.1,28.0,12.3,31.7,11.5,83.3,63.2,77.4,18.3,"(38.8717864101, -76.9445537751)",DC,2905.0,-76.9445537751,38.8717864101,24.9,23.5,11500
163,60.9,1150000-11001009903,42.0,38.0,6.3,5.4,79.7,12.5,22.6,77.5,12.8,4.6,3.3,5.2,33.6,12.0,17.2,25.8,78.1,23.8,13.3,31.8,12.0,84.4,62.8,78.6,16.2,"(38.8882874396, -76.9211942041)",DC,1851.0,-76.9211942041,38.8882874396,26.0,23.6,11500
164,48.4,1150000-11001009904,45.8,37.9,7.6,4.3,76.7,13.3,29.9,72.3,15.7,4.8,3.3,5.2,34.1,12.9,17.0,30.4,74.7,23.1,16.5,36.2,17.4,78.8,53.4,74.4,23.0,"(38.8851565661, -76.9311361548)",DC,2243.0,-76.9311361548,38.8851565661,22.4,19.8,11500
165,53.7,1150000-11001009905,44.9,40.1,7.4,5.0,79.0,13.9,27.4,76.2,14.8,4.9,3.3,5.5,35.3,12.5,16.8,29.3,77.9,24.9,15.1,34.7,14.3,81.5,58.7,76.5,19.8,"(38.8843187043, -76.9250526037)",DC,2795.0,-76.9250526037,38.8843187043,22.9,21.6,11500
166,53.9,1150000-11001009906,44.4,41.9,7.7,5.6,79.7,14.8,26.4,78.2,15.2,5.3,3.6,6.0,36.5,12.6,15.7,29.4,79.3,26.7,14.8,35.0,14.1,81.8,59.2,75.8,20.2,"(38.8879113008, -76.9359192295)",DC,1296.0,-76.9359192295,38.8879113008,23.5,21.9,11500
167,45.1,1150000-11001009907,46.9,41.0,9.1,4.7,78.0,15.1,32.3,71.9,17.9,5.8,3.7,6.2,35.8,14.0,15.1,33.3,76.7,26.0,18.1,37.6,18.3,77.3,52.0,73.1,26.5,"(38.8827717965, -76.9388145143)",DC,2836.0,-76.9388145143,38.8827717965,21.2,18.2,11500
168,79.7,1150000-11001010100,28.9,18.3,2.6,4.6,69.5,4.4,11.9,78.5,5.8,1.6,1.8,2.6,25.4,7.7,27.0,13.7,68.0,12.7,7.9,16.9,6.1,86.4,69.9,79.2,5.6,"(38.9026943635, -77.0318452229)",DC,2621.0,-77.0318452229,38.9026943635,35.6,30.9,11500
169,81.1,1150000-11001010200,30.2,25.6,3.3,5.9,75.1,6.7,11.8,83.4,6.9,2.1,2.2,3.4,30.4,8.7,23.5,14.4,75.7,17.7,8.1,20.4,5.4,88.9,75.0,81.3,5.1,"(38.8824160628, -77.0236944203)",DC,2324.0,-77.0236944203,38.8824160628,36.7,35.4,11500
170,65.1,1150000-11001010300,37.2,34.9,6.0,5.6,75.5,11.8,20.2,78.6,12.2,4.1,3.2,5.3,34.9,10.3,19.7,23.5,78.1,22.8,11.9,28.7,12.0,83.5,63.5,78.1,13.9,"(38.9761415355, -77.0272135707)",DC,3187.0,-77.0272135707,38.9761415355,27.2,24.7,11500
171,55.3,1150000-11001010400,44.2,40.7,7.5,4.9,78.4,14.4,27.1,77.2,14.9,5.0,3.4,6.0,36.1,12.1,17.1,28.1,77.5,24.5,14.7,35.5,14.0,82.1,58.3,76.3,18.0,"(38.8490260955, -76.9995131738)",DC,4365.0,-76.9995131738,38.8490260955,23.4,23.4,11500
172,76.5,1150000-11001010500,33.6,24.6,3.3,4.4,74.1,6.6,14.7,80.5,7.5,2.0,2.1,2.9,28.1,9.2,23.3,16.3,71.5,15.5,9.3,23.0,7.0,87.9,70.0,81.1,6.8,"(38.8818415093, -77.0133613316)",DC,3410.0,-77.0133613316,38.8818415093,33.3,31.6,11500
173,72.2,1150000-11001010600,34.0,22.3,2.8,4.0,72.3,5.9,13.6,78.5,6.6,1.9,2.0,2.5,25.5,9.1,26.0,14.7,70.6,13.7,9.0,21.7,6.2,85.2,66.8,80.5,9.8,"(38.9033049952, -77.003330428)",DC,3933.0,-77.003330428,38.9033049952,28.0,26.7,11500
174,79.8,1150000-11001010700,27.2,13.6,2.6,3.4,66.5,3.2,12.8,71.0,5.5,1.1,1.5,2.0,22.1,8.6,28.8,12.7,60.4,10.0,9.2,15.5,6.2,82.9,69.9,78.0,4.9,"(38.9039989156, -77.0419808973)",DC,1838.0,-77.0419808973,38.9039989156,37.6,33.6,11500
175,70.3,1150000-11001010800,30.2,7.9,3.1,1.2,62.5,1.5,20.4,48.4,6.3,0.6,1.0,0.8,12.8,11.1,29.2,15.7,30.3,4.9,15.1,14.7,10.4,67.6,60.4,71.1,11.1,"(38.8973521338, -77.0446120467)",DC,6408.0,-77.0446120467,38.8973521338,33.9,25.6,11500
176,39.9,1150000-11001010900,47.2,35.7,9.0,3.4,74.7,12.9,35.4,62.0,17.6,5.0,3.3,5.1,33.1,14.3,16.8,33.3,70.7,21.3,19.9,36.6,21.8,71.1,47.2,71.4,29.6,"(38.8116201244, -77.0248889119)",DC,3211.0,-77.0248889119,38.8116201244,19.9,16.3,11500
177,83.0,1150000-11001011000,29.1,29.8,3.4,7.6,78.6,7.7,9.4,87.7,6.9,2.5,2.7,4.1,33.7,8.3,20.5,13.8,79.8,21.0,6.9,20.3,4.1,89.9,76.1,81.1,4.5,"(38.8688417474, -77.0180491156)",DC,3715.0,-77.0180491156,38.8688417474,37.5,36.1,11500
178,61.3,1150000-11001011100,40.4,43.6,7.3,7.0,80.6,15.2,20.7,82.2,14.1,5.7,3.9,7.0,38.2,11.2,15.7,26.7,82.2,28.3,12.2,31.4,12.0,84.0,63.9,78.2,16.5,"(38.9161214423, -76.9665022869)",DC,4859.0,-76.9665022869,38.9161214423,25.5,23.3,11500
